,ImageId
0,00071198d059ba7f5914a526d124d28e6d010c92466da21d4a04cd5413362552
1,003cee89357d9fe13516167fd67b609a164651b21934585648c740d2c3d86dc1
2,00ae65c1c6631ae6f2be1a449902976e6eb8483bf6b0740d00530220832c6d3e
3,0121d6759c5adb290c8e828fc882f37dfaf3663ec885c663859948c154a443ed
4,01d44a26f6680c42ba94c9bc6339228579a95d0e2695b149b7cc0c9592b21baf
5,0280fa8f60f6bcae0f97d93c28f60be194f9309ff610dc5845e60455b0f87c21
6,0287e7ee5b007c91ae2bd7628d09735e70496bc6127ecb7f3dd043e04ce37426
7,02903040e19ddf92f452907644ad3822918f54af41dd85e5a3fe3e1b6d6f9339
8,03398329ced0c23b9ac3fac84dd53a87d9ffe4d9d10f1b5fe8df8fac12380776
9,03b9306f44e9b8951461623dcbd615550cdcf36ea93b203f2c8fa58ed1dffcbe
10,03f583ec5018739f4abb9b3b4a580ac43bd933c4337ad8877aa18b1dfb59fc9a
11,0402a81e75262469925ea893b6706183832e85324f7b1e08e634129f5d522cdd
12,04acab7636c4cf61d288a5962f15fa456b7bde31a021e5deedfbf51288e4001e
13,05040e2e959c3f5632558fc9683fec88f0010026c555b499066346f67fdd0e13
14,0532c64c2fd0c4d3188cc751cdfd566b1cfba3d269358717295bab1504c7c275
15,05a8f65ebd0b30d3b210f30b4d640c847c2e710d0d135e0aeeaccbe1988e3b6e
16,06350c7cc618be442c15706db7a68e91f313758d224de4608f9b960106d4f9ca
17,06c779330d6d3447be21df2b9f05d1088f5b3b50dc48724fc130b1fd2896a68c
18,072ff14c1d3245bf49ad6f1d4c71cdb18f1cb78a8e06fd2f53767e28f727cb81
19,07761fa39f60dc37022dbbe8d8694595fd5b77ceb2af2a2724768c8e524d6770
20,077f026f4ab0f0bcc0856644d99cbf639e443ec4f067d7b708bc6cecac609424
21,07fb37aafa6626608af90c1e18f6a743f29b6b233d2e427dcd1102df6a916cf5
22,08151b19806eebd58e5acec7e138dbfbb1761f41a1ab9620466584ecc7d5fada
23,08275a5b1c2dfcd739e8c4888a5ee2d29f83eccfa75185404ced1dc0866ea992
24,08ae2741df2f5ac815c0f272a8c532b5167ee853be9b939b9b8b7fa93560868a
25,091944f1d2611c916b98c020bd066667e33f4639159b2a92407fe5a40788856d
26,094afe36759e7daffe12188ab5987581d405b06720f1d5acf3f2614f404df380
27,0a7d30b252359a10fd298b638b90cb9ada3acced4e0c0e5a3692013f432ee4e9
28,0acd2c223d300ea55d0546797713851e818e5c697d073b7f4091b96ce0f3d2fe
29,0b0d577159f0d6c266f360f7b8dfde46e16fa665138bf577ec3c6f9c70c0cd1e
30,0b2e702f90aee4fff2bc6e4326308d50cf04701082e718d4f831c8959fbcda93
31,0bda515e370294ed94efd36bd53782288acacb040c171df2ed97fd691fc9d8fe
32,0bf33d3db4282d918ec3da7112d0bf0427d4eafe74b3ee0bb419770eefe8d7d6
33,0bf4b144167694b6846d584cf52c458f34f28fcae75328a2a096c8214e01c0d0
34,0c2550a23b8a0f29a7575de8c61690d3c31bc897dd5ba66caec201d201a278c2
35,0c6507d493bf79b2ba248c5cca3d14df8b67328b89efa5f4a32f97a06a88c92c
36,0d2bf916cc8de90d02f4cd4c23ea79b227dbc45d845b4124ffea380c92d34c8c
37,0d3640c1f1b80f24e94cc9a5f3e1d9e8db7bf6af7d4aba920265f46cadc25e37
38,0ddd8deaf1696db68b00c600601c6a74a0502caaf274222c8367bdc31458ae7e
39,0e21d7b3eea8cdbbed60d51d72f4f8c1974c5d76a8a3893a7d5835c85284132e
40,0e4c2e2780de7ec4312f0efcd86b07c3738d21df30bb4643659962b4da5505a3
41,0e5edb072788c7b1da8829b02a49ba25668b09f7201cf2b70b111fc3b853d14f
42,0ea221716cf13710214dcd331a61cea48308c3940df1d28cfc7fd817c83714e1
43,1023509cf8d4c155467800f89508690be9513431992f470594281cd37dbd020d
44,10328b822b836e67b547b4144e0b7eb43747c114ce4cacd8b540648892945b00
45,10ba6cbee4873b32d5626a118a339832ba2b15d8643f66dddcd7cb2ec80fbc28
46,11a0170f44e3ab4a8d669ae8ea9546d3a32ebfe6486d9066e5648d30b4e1cb69
47,12aeefb1b522b283819b12e4cfaf6b13c1264c0aadac3412b4edd2ace304cb40
48,12f89395ad5d21491ab9cec137e247652451d283064773507d7dc362243c5b8e
49,136000dc18fa6def2d6c98d4d0b2084d13c22eaffe82e26c665bcaa2a9e51261
